"https://shreytyagi.com/images/ama.jpg","Photo1"
"https://shreytyagi.com/images/ama.jpg","Photo1"
"https://shreytyagi.com/images/ama.jpg","Photo1"
"https://shreytyagi.com/images/ama.jpg","Photo1"
"https://shreytyagi.com/images/ama.jpg","Photo1"
"https://shreytyagi.com/images/ama.jpg","Photo1"
"https://shreytyagi.com/images/ama.jpg","Photo1"
"https://shreytyagi.com/images/ama.jpg","Photo1"
"https://shreytyagi.com/images/ama.jpg","Photo1"
"https://shreytyagi.com/images/ama.jpg"
"https://shreytyagi.com/images/ama.jpg","Photo1"
"https://shreytyagi.com/images/ama.jpg","Photo1"
"https://shreytyagi.com/images/ama.jpg","Photo1"
"https://shreytyagi.com/images/ama.jpg","Photo1"
"https://shreytyagi.com/images/ama.jpg","Photo1"
"https://shreytyagi.com/images/ama.jpg","Photo1"
"https://shreytyagi.com/images/ama.jpg","Photo1"
"https://shreytyagi.com/images/ama.jpg","Photo1"
"https://shreytyagi.com/images/ama.jpg","Photo1"
"https://shreytyagi.com/images/ama.jpg","Photo1"
"https://shreytyagi.com/images/ama.jpg"
"https://shreytyagi.com/images/ama.jpg","Photo1"
"https://shreytyagi.com/images/ama.jpg","Photo1"
"https://shreytyagi.com/images/ama.jpg","Photo1"
"https://shreytyagi.com/images/ama.jpg","Photo1"
"https://shreytyagi.com/images/ama.jpg","Photo1"
"https://shreytyagi.com/images/ama.jpg","Photo1"
"https://shreytyagi.com/images/ama.jpg","Photo1"
"https://shreytyagi.com/images/ama.jpg","Photo1"
"https://shreytyagi.com/images/ama.jpg","Photo1"
"https://shreytyagi.com/images/ama.jpg","Photo1"
"https://shreytyagi.com/images/ama.jpg","Photo1"
"https://shreytyagi.com/images/ama.jpg","Photo1"
"https://shreytyagi.com/images/ama.jpg","Photo1"
"https://shreytyagi.com/images/ama.jpg","Photo1"
"https://shreytyagi.com/images/ama.jpg","Photo1"