"AMAZING STORIES_thumb.jpg","AMAZING STORIES.jpg"
"ANYONE BUT YOU_thumb.jpg","ANYONE BUT YOU.jpg"
"AVATAR THE WAY OF WATER_thumb.jpg","AVATAR THE WAY OF WATER.jpg"
"AVATAR_thumb.jpg","AVATAR.jpg"
"BATMAN V SUPERMAN_thumb.jpg","BATMAN V SUPERMAN.jpg"
"BLACK BIRD_thumb.jpg","BLACK BIRD.jpg"
"DEFENDING JACOB_thumb.jpg","DEFENDING JACOB.jpg"
"FOR ALL MANKIND_thumb.jpg","FOR ALL MANKIND.jpg"
"FOUNDATION_thumb.jpg","FOUNDATION.jpg"
"FURIOSA_thumb.jpg","FURIOSA.jpg"
"HOME BEFORE DARK_thumb.jpg","HOME BEFORE DARK.jpg"
"INVASION_thumb.jpg","INVASION.jpg"
"LISEY'S STORY_thumb.jpg","LISEY'S STORY.jpg"
"LITTLE VOICE_thumb.jpg","LITTLE VOICE.jpg"
"MAD MAX FURY ROAD_thumb.jpg","MAD MAX FURY ROAD.jpg"
"MAN OF STEEL_thumb.jpg","MAN OF STEEL.jpg"
"OPPENHEIMER_thumb.jpg","OPPENHEIMER.jpg"
"PACHINKO_thumb.jpg","PACHINKO.jpg"
"RA ONE_thumb.jpg","RA ONE.jpg"
"ROAR_thumb.jpg","ROAR.jpg"
"SEE_thumb.jpg","SEE.jpg"
"SERVANT_thumb.jpg","SERVANT.jpg"
"SEVERANCE_thumb.jpg","SEVERANCE.jpg"
"SHINING GIRLS_thumb.jpg","SHINING GIRLS.jpg"
"SLOW HORSES_thumb.jpg","SLOW HORSES.jpg"
"SURFACE_thumb.jpg","SURFACE.jpg"
"SUSPICION_thumb.jpg","SUSPICION.jpg"
"SWAGGER_thumb.jpg","SWAGGER.jpg"
"THE ESSEX SERPANT_thumb.jpg","THE ESSEX SERPANT.jpg"
"THE LAST DAYS OF PTOLEMY GREY_thumb.jpg","THE LAST DAYS OF PTOLEMY GREY.jpg"
"THE MENU_thumb.jpg","THE MENU.jpg"
"THE MORNING SHOW_thumb.jpg","THE MORNING SHOW.jpg"
"THE MOSQUITO COAST_thumb.jpg","THE MOSQUITO COAST.jpg"
"THE QUEEN'S GAMBIT_thumb.jpg","THE QUEEN'S GAMBIT.jpg"
"THE SHRINK NEXT DOOR_thumb.jpg","THE SHRINK NEXT DOOR.jpg"
"TRUTH BE TOLD_thumb.jpg","TRUTH BE TOLD.jpg"
"WE CRASHED_thumb.jpg","WE CRASHED.jpg"
"am_thumb.jpg","am.jpg"
"ama_thumb.jpg","ama.jpg"
"img_1604_thumb.jpg","img_1604.jpg"
"killer.png","killer.jpg"
"proba_thumb.jpg","proba.jpg"
"qrcode.png","qrcode.jpg"
