"AMAZING STORIES.jpg","amazing"
"ANYONE BUT YOU.jpg"
"AVATAR THE WAY OF WATER.jpg"
"AVATAR.jpg"
"BATMAN V SUPERMAN.jpg"
"BLACK BIRD.jpg"
"DEFENDING JACOB.jpg"
"FOR ALL MANKIND.jpg"
"FOUNDATION.jpg"
"FURIOSA.jpg"
"HOME BEFORE DARK.jpg"
"INVASION.jpg"
"LISEY'S STORY.jpg"
"LITTLE VOICE.jpg"
"MAD MAX FURY ROAD.jpg"
"MAN OF STEEL.jpg"
"OPPENHEIMER.jpg"
"PACHINKO.jpg"
"RA ONE.jpg"
"ROAR.jpg"
"SEE.jpg"
"SERVANT.jpg"
"SEVERANCE.jpg"
"SHINING GIRLS.jpg"
"SLOW HORSES.jpg"
"SURFACE.jpg"
"SUSPICION.jpg"
"SWAGGER.jpg"
"THE ESSEX SERPANT.jpg"
"THE LAST DAYS OF PTOLEMY GREY.jpg"
"THE MENU.jpg"
"THE MORNING SHOW.jpg"
"THE MOSQUITO COAST.jpg"
"THE QUEEN'S GAMBIT.jpg"
"THE SHRINK NEXT DOOR.jpg"
"TRUTH BE TOLD.jpg"
"WE CRASHED.jpg"
