thumbs/IMG_6273.HEIC,thumbs/IMG_6273.HEIC
thumbs/IMG_6273.HEIC,thumbs/IMG_6273.HEIC
thumbs/IMG_6273.HEIC,thumbs/IMG_6273.HEIC
thumbs/IMG_6273.HEIC,thumbs/IMG_6273.HEIC
thumbs/IMG_6273.HEIC,thumbs/IMG_6273.HEIC
thumbs/IMG_6273.HEIC,thumbs/IMG_6273.HEIC
thumbs/IMG_6273.HEIC,thumbs/IMG_6273.HEIC
thumbs/IMG_6273.HEIC,thumbs/IMG_6273.HEIC
thumbs/IMG_6273.HEIC,thumbs/IMG_6273.HEIC
thumbs/IMG_6273.HEIC,thumbs/IMG_6273.HEIC
thumbs/IMG_6273.HEIC,thumbs/IMG_6273.HEIC
thumbs/IMG_6273.HEIC,thumbs/IMG_6273.HEIC
thumbs/IMG_6273.HEIC,thumbs/IMG_6273.HEIC
